IsSponsored,MarketCurrencyLong,LogoUrl,MarketCurrency,Created,BaseCurrencyLong,MinTradeSize,IsActive,BaseCurrency,MarketName,Notice
,Litecoin,https://bittrexblobstorage.blob.core.windows.net/public/6defbc41-582d-47a6-bb2e-d0fa88663524.png,LTC,2014-02-13T00:00:00,Bitcoin,1e-08,True,BTC,BTC-LTC,
,Dogecoin,https://bittrexblobstorage.blob.core.windows.net/public/a2b8eaee-2905-4478-a7a0-246f212c64c6.png,DOGE,2014-02-13T00:00:00,Bitcoin,1e-08,True,BTC,BTC-DOGE,
,Vertcoin,https://bittrexblobstorage.blob.core.windows.net/public/1f0317bc-c44b-4ea4-8a89-b9a71f3349c8.png,VTC,2014-02-13T00:00:00,Bitcoin,1e-08,True,BTC,BTC-VTC,
,Peercoin,,PPC,2014-02-13T00:00:00,Bitcoin,1e-08,True,BTC,BTC-PPC,
,Feathercoin,https://bittrexblobstorage.blob.core.windows.net/public/a69f83f0-112c-4d98-8e14-5e0e9be47404.png,FTC,2014-02-13T00:00:00,Bitcoin,1e-08,True,BTC,BTC-FTC,
,ReddCoin,https://bittrexblobstorage.blob.core.windows.net/public/4b7ce5a5-8c12-4741-86f2-3a48cb55c91a.png,RDD,2014-02-25T09:00:00,Bitcoin,1e-08,True,BTC,BTC-RDD,
,NXT,https://bittrexblobstorage.blob.core.windows.net/public/443d492d-4f8b-4a2d-a613-1b37e4ab80cd.png,NXT,2014-03-03T09:00:00,Bitcoin,1e-08,True,BTC,BTC-NXT,
,Dash,https://bittrexblobstorage.blob.core.windows.net/public/49993d38-d344-4197-b449-c50c3cc13d47.png,DASH,2014-03-11T08:00:00,Bitcoin,1e-08,True,BTC,BTC-DASH,
,PotCoin,https://bittrexblobstorage.blob.core.windows.net/public/149a1a49-3cca-461b-a8e4-8ea8409c27bd.png,POT,2014-03-11T08:00:00,Bitcoin,1e-08,True,BTC,BTC-POT,
False,BlackCoin,https://bittrexblobstorage.blob.core.windows.net/public/c3409d42-a907-4764-ad03-118917761cc2.png,BLK,2014-03-14T09:00:00,Bitcoin,1e-08,True,BTC,BTC-BLK,
,Einsteinium,https://bittrexblobstorage.blob.core.windows.net/public/aa92fc78-8100-4adb-bbb9-05fb1b7bd166.png,EMC2,2014-12-24T00:00:00,Bitcoin,1e-08,True,BTC,BTC-EMC2,
,Myriad,https://bittrexblobstorage.blob.core.windows.net/public/bd1eb9c2-9bb7-4c95-b4b8-037a4419ee67.png,XMY,2014-03-15T08:00:00,Bitcoin,1e-08,True,BTC,BTC-XMY,
,AuroraCoin,https://bittrexblobstorage.blob.core.windows.net/public/8662a354-f45c-4dec-be5b-8038ca47fd96.png,AUR,2014-03-16T22:00:00,Bitcoin,1e-08,True,BTC,BTC-AUR,
,ElectronicGulden,https://bittrexblobstorage.blob.core.windows.net/public/4d984e89-67d8-4f36-b943-5365438952cb.png,EFL,2014-03-20T20:00:00,Bitcoin,1e-08,True,BTC,BTC-EFL,
,GoldCoin,https://bittrexblobstorage.blob.core.windows.net/public/8042e8a5-e8fc-4a89-8694-d61d5f500aac.png,GLD,2014-03-22T16:00:00,Bitcoin,1e-08,True,BTC,BTC-GLD,
,SolarCoin,https://bittrexblobstorage.blob.core.windows.net/public/33e931bb-b715-4075-bf6f-02369e9f8439.png,SLR,2014-03-23T06:00:00,Bitcoin,1e-08,True,BTC,BTC-SLR,
,PesetaCoin ,https://bittrexblobstorage.blob.core.windows.net/public/e9717112-e5a9-429c-a8b8-621cdb3e3714.png,PTC,2014-03-27T18:00:00,Bitcoin,1e-08,True,BTC,BTC-PTC,
,Groestlcoin,https://bittrexblobstorage.blob.core.windows.net/public/3b79133e-b65e-497c-b65a-f254511eedc9.png,GRS,2014-04-03T05:00:00,Bitcoin,1e-08,True,BTC,BTC-GRS,
False,Gulden,https://bittrexblobstorage.blob.core.windows.net/public/55cf6802-c3d8-4b43-85b2-bb672c0c6211.png,NLG,2014-04-04T22:00:00,Bitcoin,1e-08,True,BTC,BTC-NLG,
False,RubyCoin,https://bittrexblobstorage.blob.core.windows.net/public/134cdb3a-a4dc-4557-a51a-209d3b3ba8c0.png,RBY,2014-04-05T08:00:00,Bitcoin,1e-08,True,BTC,BTC-RBY,
,WhiteCoin,https://bittrexblobstorage.blob.core.windows.net/public/dd94ac21-5ddf-48cf-8c5a-9a52f6292d01.png,XWC,2014-04-14T00:00:00,Bitcoin,1e-08,True,BTC,BTC-XWC,
,MonaCoin,https://bittrexblobstorage.blob.core.windows.net/public/db5aa488-25ea-4b4c-a6b0-377a569c06d2.png,MONA,2014-04-18T22:00:00,Bitcoin,1e-08,True,BTC,BTC-MONA,
,HempCoin,https://bittrexblobstorage.blob.core.windows.net/public/e9feeea9-b6fd-4521-b446-1c5e4520db31.png,THC,2014-04-29T21:00:00,Bitcoin,1e-08,True,BTC,BTC-THC,
,EnergyCoin,https://bittrexblobstorage.blob.core.windows.net/public/f339a246-0e20-4eda-be4d-4c5a7fcc5e59.png,ENRG,2014-05-04T00:00:00,Bitcoin,1e-08,True,BTC,BTC-ENRG,
,EuropeCoin,https://bittrexblobstorage.blob.core.windows.net/public/46212518-56cd-4510-a9ee-0d12631127ce.png,ERC,2014-05-10T17:00:00,Bitcoin,1e-08,True,BTC,BTC-ERC,
,VeriCoin,https://bittrexblobstorage.blob.core.windows.net/public/5b7a3d31-88f0-4533-aa87-29eb558f79a8.png,VRC,2014-05-13T07:00:00,Bitcoin,1e-08,True,BTC,BTC-VRC,
,CureCoin,https://bittrexblobstorage.blob.core.windows.net/public/5168cfb6-ad9a-4b63-b9dd-cf33cbf52c8e.png,CURE,2014-05-13T09:00:00,Bitcoin,1e-08,True,BTC,BTC-CURE,
,Monero,https://bittrexblobstorage.blob.core.windows.net/public/efcda24e-c6c3-4029-982c-15af2915fb08.png,XMR,2014-06-04T07:38:39.24,Bitcoin,1e-08,True,BTC,BTC-XMR,
,CloakCoin,https://bittrexblobstorage.blob.core.windows.net/public/224f0241-dd5b-4675-8f64-aff9534727a5.png,CLOAK,2014-06-04T08:53:18.563,Bitcoin,1e-08,True,BTC,BTC-CLOAK,
,StartCoin,https://bittrexblobstorage.blob.core.windows.net/public/2b596cad-231b-4252-8b50-0a5895a8a6b4.png,START,2014-06-14T07:09:15.327,Bitcoin,1e-08,True,BTC,BTC-START,
,Kore,https://bittrexblobstorage.blob.core.windows.net/public/42b8d2f5-bbba-43c4-a439-548e42928df0.png,KORE,2014-06-17T05:46:29.303,Bitcoin,1e-08,True,BTC,BTC-KORE,
,DigitalNote,,XDN,2014-06-21T18:37:57.64,Bitcoin,1e-08,True,BTC,BTC-XDN,
,TrustPlus,https://bittrexblobstorage.blob.core.windows.net/public/d3014256-c08a-47e9-aaca-84d7e33f0d20.png,TRUST,2014-07-07T05:46:18.71,Bitcoin,1e-08,True,BTC,BTC-TRUST,
,NAVCoin,https://bittrexblobstorage.blob.core.windows.net/public/1602ecf1-fc60-42b2-afa6-3e48dbe9b884.png,NAV,2014-07-08T03:37:28.39,Bitcoin,1e-08,True,BTC,BTC-NAV,
,StealthCoin,https://bittrexblobstorage.blob.core.windows.net/public/47b7ec3d-4271-42ce-af16-5de4dee4b2a5.png,XST,2014-07-09T20:33:00.59,Bitcoin,1e-08,True,BTC,BTC-XST,
,BitcoinDark,https://bittrexblobstorage.blob.core.windows.net/public/c705ff3a-42f4-43f8-a78d-a592725fe3c7.png,BTCD,2014-07-14T06:05:04.567,Bitcoin,1e-08,True,BTC,BTC-BTCD,
,ViaCoin ,https://bittrexblobstorage.blob.core.windows.net/public/1ac53fb8-3173-46a8-af74-55029492dda4.png,VIA,2014-07-18T00:20:00.393,Bitcoin,1e-08,True,BTC,BTC-VIA,
False,PinkCoin,https://bittrexblobstorage.blob.core.windows.net/public/bf810adc-114d-4809-a3a7-7a5f648aab52.png,PINK,2014-07-29T07:41:09.4,Bitcoin,1e-08,True,BTC,BTC-PINK,
,I/OCoin,https://bittrexblobstorage.blob.core.windows.net/public/080896ac-8a2c-4826-b708-92a3db60a6de.png,IOC,2014-07-29T16:57:43.787,Bitcoin,1e-08,True,BTC,BTC-IOC,
,CannabisCoin,https://bittrexblobstorage.blob.core.windows.net/public/78d826b0-0df4-4c6c-a99d-ac1673562cd8.png,CANN,2014-08-10T06:48:44.83,Bitcoin,1e-08,True,BTC,BTC-CANN,
,SysCoin,https://bittrexblobstorage.blob.core.windows.net/public/131b4cd3-2bbd-4a11-a5ec-04e3acbfc6db.png,SYS,2014-08-16T19:57:48.823,Bitcoin,1e-08,True,BTC,BTC-SYS,
False,NeosCoin,https://bittrexblobstorage.blob.core.windows.net/public/4794e73b-1360-43b6-9e41-ffc7c37e1195.png,NEOS,2014-08-20T00:06:59.63,Bitcoin,1e-08,True,BTC,BTC-NEOS,
,Digibyte,https://bittrexblobstorage.blob.core.windows.net/public/f71e4e1a-9249-47a0-b4d0-53afa08ccbc3.png,DGB,2014-08-20T07:09:57.207,Bitcoin,1e-08,True,BTC,BTC-DGB,
,BURSTCoin,,BURST,2014-09-16T07:41:56.047,Bitcoin,1e-08,True,BTC,BTC-BURST,
False,ExclusiveCoin,https://bittrexblobstorage.blob.core.windows.net/public/44b352cd-c08a-48cd-b602-2b4f8fc5feb1.png,EXCL,2014-09-28T20:33:27.633,Bitcoin,1e-08,True,BTC,BTC-EXCL,
,Bitswift,https://bittrexblobstorage.blob.core.windows.net/public/765542e8-cdd1-4831-9e7c-3921fd9981b7.png,SWIFT,2014-10-03T19:16:23.143,Bitcoin,1e-08,True,BTC,BTC-SWIFT,
,DopeCoin,https://bittrexblobstorage.blob.core.windows.net/public/fa2cf328-cd0f-4ee3-b6df-3b9cfd721dde.png,DOPE,2014-10-17T19:09:32.6,Bitcoin,1e-08,True,BTC,BTC-DOPE,
False,BlockNet,https://bittrexblobstorage.blob.core.windows.net/public/99f30490-dd19-4eac-b7ff-97101d855dc2.png,BLOCK,2014-10-29T06:45:03.97,Bitcoin,1e-08,True,BTC,BTC-BLOCK,
False,ArtByte,https://bittrexblobstorage.blob.core.windows.net/public/2570db52-0a6d-4df7-94f7-5e3da3b34f47.png,ABY,2014-10-31T01:43:25.743,Bitcoin,1e-08,True,BTC,BTC-ABY,
False,Bytecent,https://bittrexblobstorage.blob.core.windows.net/public/f131fa9a-7347-4fb3-a675-dc9d808d1bce.png,BYC,2014-11-03T19:02:45.96,Bitcoin,1e-08,True,BTC,BTC-BYC,
,Magi,https://bittrexblobstorage.blob.core.windows.net/public/1a8c9737-5ea7-48d2-97ec-4d4cda472023.png,XMG,2014-11-10T06:25:07.533,Bitcoin,1e-08,True,BTC,BTC-XMG,
,Blitzcash,https://bittrexblobstorage.blob.core.windows.net/public/2f43325b-6fa9-4042-9fbc-9731a7c9109d.png,BLITZ,2014-11-13T20:20:21.443,Bitcoin,1e-08,True,BTC,BTC-BLITZ,
,BitBay,https://bittrexblobstorage.blob.core.windows.net/public/11a11ba1-2476-496e-a567-e78b158126d9.png,BAY,2014-11-18T17:34:21.083,Bitcoin,1e-08,True,BTC,BTC-BAY,
,BitShares,https://bittrexblobstorage.blob.core.windows.net/public/b167ab3b-9e08-4fc4-ac1d-088bf16200c4.png,BTS,2014-11-24T08:18:16.53,Bitcoin,1e-08,False,BTC,BTC-BTS,"This market will be deleted on October 13th, 2017."
False,FairCoin,https://bittrexblobstorage.blob.core.windows.net/public/2caaa6c9-e111-4ffb-b781-933b8c590fc4.png,FAIR,2014-12-12T19:51:07.703,Bitcoin,1e-08,True,BTC,BTC-FAIR,
,SpreadCoin,https://bittrexblobstorage.blob.core.windows.net/public/9a7c3052-85b5-4528-a72d-b32ae25c7657.png,SPR,2014-12-19T02:33:07.747,Bitcoin,1e-08,True,BTC,BTC-SPR,
,vTorrent,https://bittrexblobstorage.blob.core.windows.net/public/bf696581-0450-40a7-bd56-f4bbc1fa5317.png,VTR,2014-12-19T02:33:10.943,Bitcoin,1e-08,True,BTC,BTC-VTR,
,Ripple,https://bittrexblobstorage.blob.core.windows.net/public/8101e36e-bfce-48a9-a7a6-368b6e9452dd.png,XRP,2014-12-22T19:30:27.45,Bitcoin,1e-08,True,BTC,BTC-XRP,
,GameCredits,https://bittrexblobstorage.blob.core.windows.net/public/1952d8bb-1295-4cd7-bc37-7a2568bbcb1e.png,GAME,2015-04-08T04:09:53.013,Bitcoin,1e-08,True,BTC,BTC-GAME,
,Circuits of Value,https://bittrexblobstorage.blob.core.windows.net/public/85cdc262-1870-4878-8562-43cc56faba2b.png,COVAL,2015-01-22T19:11:45.903,Bitcoin,1e-08,True,BTC,BTC-COVAL,
False,Nexus,https://bittrexblobstorage.blob.core.windows.net/public/78ae1c0d-55c7-4375-9855-d6bd27ee7672.png,NXS,2015-01-25T03:00:35.143,Bitcoin,1e-08,True,BTC,BTC-NXS,
False,Counterparty,https://bittrexblobstorage.blob.core.windows.net/public/462417ed-c7cb-4663-b878-7e87231314a5.png,XCP,2015-02-14T04:20:41,Bitcoin,1e-08,True,BTC,BTC-XCP,
,BitBean,https://bittrexblobstorage.blob.core.windows.net/public/1237b0c9-2373-4545-a342-d3fdb4fbe8ed.png,BITB,2015-02-15T23:07:32.777,Bitcoin,1e-08,True,BTC,BTC-BITB,
,GeoCoin,https://bittrexblobstorage.blob.core.windows.net/public/262c99e6-3f0d-4dbf-90b4-167dfa7f0d67.png,GEO,2015-02-21T03:29:43.267,Bitcoin,1e-08,True,BTC,BTC-GEO,
,FoldingCoin,,FLDC,2015-02-23T23:01:53.92,Bitcoin,1e-08,True,BTC,BTC-FLDC,
,GridCoin,https://bittrexblobstorage.blob.core.windows.net/public/189514d6-10bf-4c3f-81ab-d24f16bc806f.png,GRC,2015-02-27T19:57:02.82,Bitcoin,1e-08,True,BTC,BTC-GRC,
,Florin,https://bittrexblobstorage.blob.core.windows.net/public/57acadf2-ee77-44a3-b879-be95aae0e9fa.png,FLO,2015-03-11T05:43:30.193,Bitcoin,1e-08,True,BTC,BTC-FLO,
False,Nubits,https://bittrexblobstorage.blob.core.windows.net/public/cf36f87c-5841-452f-8968-ba183ae5d833.png,NBT,2015-04-08T03:57:37.33,Bitcoin,1e-08,True,BTC,BTC-NBT,
False,MonetaryUnit,https://bittrexblobstorage.blob.core.windows.net/public/74855e5d-b489-44da-a2a8-2d3a1f05dabd.png,MUE,2015-04-09T17:31:31.113,Bitcoin,1e-08,True,BTC,BTC-MUE,
,NewEconomyMovement,,XEM,2015-04-10T21:06:00.043,Bitcoin,1e-08,True,BTC,BTC-XEM,
,CLAMs,https://bittrexblobstorage.blob.core.windows.net/public/b63db8c7-892b-486b-9802-203b7794ff51.png,CLAM,2015-04-18T22:04:25.183,Bitcoin,1e-08,True,BTC,BTC-CLAM,
,Diamond,https://bittrexblobstorage.blob.core.windows.net/public/5dd68d85-f24c-42ed-b25a-908bab7d753b.png,DMD,2015-05-01T17:31:24.97,Bitcoin,1e-08,True,BTC,BTC-DMD,
False,Gambit,https://bittrexblobstorage.blob.core.windows.net/public/6695481a-1294-4bf8-b2f6-bd182dd698fa.png,GAM,2015-05-05T22:38:44.963,Bitcoin,1e-08,True,BTC,BTC-GAM,
,Sphere,https://bittrexblobstorage.blob.core.windows.net/public/41cc33db-085a-4521-a420-f9d9775c1131.png,SPHR,2015-05-18T22:45:47.093,Bitcoin,1e-08,True,BTC,BTC-SPHR,
,OkCash,https://bittrexblobstorage.blob.core.windows.net/public/95a3b2d2-2f8b-44d9-9c4e-d9140d51b87d.png,OK,2015-05-30T19:26:37.523,Bitcoin,1e-08,True,BTC,BTC-OK,
,Synergy,https://bittrexblobstorage.blob.core.windows.net/public/2530116b-7eea-41b0-b57c-f57c7c41f2c0.png,SNRG,2015-06-03T06:27:04.623,Bitcoin,1e-08,True,BTC,BTC-SNRG,
,ParkByte,https://bittrexblobstorage.blob.core.windows.net/public/d7711420-de59-4c1f-b4da-e4eb4846d56f.png,PKB,2015-06-03T06:31:14.35,Bitcoin,1e-08,True,BTC,BTC-PKB,
,CapriCoin,https://bittrexblobstorage.blob.core.windows.net/public/4c6e9123-ac18-47ff-8cbb-7131bc311c85.png,CPC,2015-07-25T06:30:32.53,Bitcoin,1e-08,True,BTC,BTC-CPC,
,Aeon,https://bittrexblobstorage.blob.core.windows.net/public/efc27a0f-e2cb-47a6-819c-18b96d8868b1.png,AEON,2015-07-31T00:50:47.11,Bitcoin,1e-08,True,BTC,BTC-AEON,
,Ethereum,https://bittrexblobstorage.blob.core.windows.net/public/7e5638ef-8ca0-404d-b61e-9d41c2e20dd9.png,ETH,2015-08-14T09:02:24.817,Bitcoin,1e-08,True,BTC,BTC-ETH,
False,GlobalCurrencyReserve,https://bittrexblobstorage.blob.core.windows.net/public/34491209-c13b-49f4-8778-50c2f1d79a0d.png,GCR,2015-08-24T00:25:28.933,Bitcoin,1e-08,True,BTC,BTC-GCR,
,TransferCoin,https://bittrexblobstorage.blob.core.windows.net/public/9c472781-4ead-40be-b422-568b36a6d5b5.png,TX,2015-09-02T08:02:54.3,Bitcoin,1e-08,True,BTC,BTC-TX,
,BitCrystals,,BCY,2015-09-10T05:28:20.787,Bitcoin,1e-08,True,BTC,BTC-BCY,
,Expanse,https://bittrexblobstorage.blob.core.windows.net/public/74b6ee31-194d-48ca-a770-2f881f11dd77.png,EXP,2015-09-16T17:10:15.253,Bitcoin,1e-08,True,BTC,BTC-EXP,
,InfluxCoin,https://bittrexblobstorage.blob.core.windows.net/public/2b2e0724-bb2e-4fda-9234-cf3d99166a20.png,INFX,2015-10-03T20:41:41.403,Bitcoin,1e-08,True,BTC,BTC-INFX,
,OMNI,,OMNI,2015-11-03T19:13:33.197,Bitcoin,1e-08,True,BTC,BTC-OMNI,
,AMP,,AMP,2015-11-03T19:13:55.18,Bitcoin,1e-08,True,BTC,BTC-AMP,
,IDNI Agoras,https://bittrexblobstorage.blob.core.windows.net/public/7a06fac6-2ff6-4327-9e0f-1c0baf4d0c74.png,AGRS,2015-11-10T00:53:59.643,Bitcoin,1e-08,True,BTC,BTC-AGRS,
,Lumen,https://bittrexblobstorage.blob.core.windows.net/public/c41db2ef-2635-4438-a1c1-0a680c8857e1.png,XLM,2015-11-17T20:06:44.92,Bitcoin,1e-08,True,BTC,BTC-XLM,
,Bitcoin,,BTC,2015-12-11T06:31:40.633,Tether,1e-08,True,USDT,USDT-BTC,
,ClubCoin,https://bittrexblobstorage.blob.core.windows.net/public/43aac470-0ab8-41db-a346-f23e00c1fd01.png,CLUB,2015-12-18T00:30:10.31,Bitcoin,1e-08,True,BTC,BTC-CLUB,
,Voxels,https://bittrexblobstorage.blob.core.windows.net/public/a04e7755-66e9-4d20-a3c8-6332022201fc.png,VOX,2015-12-30T04:21:47.31,Bitcoin,1e-08,True,BTC,BTC-VOX,
,EmerCoin,https://bittrexblobstorage.blob.core.windows.net/public/449483b1-9832-4273-9d4d-dd8beb5e3f36.png,EMC,2016-01-06T05:28:04.553,Bitcoin,1e-08,True,BTC,BTC-EMC,
,Factom,https://bittrexblobstorage.blob.core.windows.net/public/2478893a-5e5d-469e-81bd-e351195858d9.png,FCT,2016-01-09T03:47:07.803,Bitcoin,1e-08,True,BTC,BTC-FCT,
,MaidSafe,https://bittrexblobstorage.blob.core.windows.net/public/1b118fed-9190-497a-a8a5-7f6eb66fe236.png,MAID,2016-01-18T20:38:22.707,Bitcoin,1e-08,True,BTC,BTC-MAID,
,EverGreenCoin,https://bittrexblobstorage.blob.core.windows.net/public/beaf8ee0-4841-4f3b-a834-9cbb6543d567.png,EGC,2016-01-18T21:01:43.837,Bitcoin,1e-08,True,BTC,BTC-EGC,
,SaluS,https://bittrexblobstorage.blob.core.windows.net/public/266cb245-641c-415b-a4c3-3a33cdfc34d1.png,SLS,2016-01-20T22:24:04.65,Bitcoin,1e-08,True,BTC,BTC-SLS,
,Radium,https://bittrexblobstorage.blob.core.windows.net/public/259f6efd-9b21-43cf-9c6b-8f67b94ca092.png,RADS,2016-01-26T23:22:16.193,Bitcoin,1e-08,True,BTC,BTC-RADS,
,Decred,https://bittrexblobstorage.blob.core.windows.net/public/5b187f7e-4da7-49bf-bc5b-9f5b616a326e.png,DCR,2016-02-09T21:06:51.577,Bitcoin,1e-08,True,BTC,BTC-DCR,
,SafeExchangeCoin,https://bittrexblobstorage.blob.core.windows.net/public/95e9f419-6392-4551-a7e4-72498098e952.png,SAFEX,2016-02-13T22:14:21.14,Bitcoin,1e-08,True,BTC,BTC-SAFEX,
False,BitSend,https://bittrexblobstorage.blob.core.windows.net/public/a7c8bcd5-9d9f-4f53-80bf-6ad2df6e8f8a.png,BSD,2016-02-17T00:54:23.677,Bitcoin,1e-08,True,BTC,BTC-BSD,
False,Verge,https://bittrexblobstorage.blob.core.windows.net/public/edcdc903-45b4-4089-8549-e303c564cd1b.png,XVG,2016-02-17T22:42:03.61,Bitcoin,1e-08,True,BTC,BTC-XVG,
,Pivx,https://bittrexblobstorage.blob.core.windows.net/public/abd1b000-2421-4915-9eca-6ffccf3a426d.png,PIVX,2016-03-02T20:45:37.987,Bitcoin,1e-08,True,BTC,BTC-PIVX,
,Vcash,https://bittrexblobstorage.blob.core.windows.net/public/8372a426-2d7d-4a49-a0b5-355c090c6694.png,XVC,2016-03-12T19:37:38.863,Bitcoin,1e-08,True,BTC,BTC-XVC,
,Memetic,https://bittrexblobstorage.blob.core.windows.net/public/56e0e7cf-5ecd-4e2c-9463-cc606b9168b3.png,MEME,2016-04-01T18:24:07.207,Bitcoin,1e-08,True,BTC,BTC-MEME,
False,STEEM,https://bittrexblobstorage.blob.core.windows.net/public/5715c9e7-5eca-44dc-a3ed-ed843b8d6e95.png,STEEM,2016-04-17T01:22:13.35,Bitcoin,1e-08,True,BTC,BTC-STEEM,
False,2GIVE,https://bittrexblobstorage.blob.core.windows.net/public/a6a2227e-55fd-412d-844b-6a7866411e34.png,2GIVE,2016-05-16T06:44:15.287,Bitcoin,1e-08,True,BTC,BTC-2GIVE,
False,Lisk,https://bittrexblobstorage.blob.core.windows.net/public/ae0a977a-ce1f-49bd-9023-e3a9ad3ca174.png,LSK,2016-05-24T18:49:52.77,Bitcoin,1e-08,True,BTC,BTC-LSK,
,Project Decorum,,PDC,2016-06-02T04:39:35.21,Bitcoin,1e-08,True,BTC,BTC-PDC,
,Breakout,https://bittrexblobstorage.blob.core.windows.net/public/10d49588-2cff-4a8e-88dd-136d9d34c292.png,BRK,2016-06-13T02:27:33.34,Bitcoin,1e-08,True,BTC,BTC-BRK,
,DigixDAO,https://bittrexblobstorage.blob.core.windows.net/public/dcb250f9-35d7-41da-84e3-7f272bd34278.png,DGD,2016-06-14T16:25:12.063,Bitcoin,1e-08,True,BTC,BTC-DGD,
,Digix DAO,https://bittrexblobstorage.blob.core.windows.net/public/dcb250f9-35d7-41da-84e3-7f272bd34278.png,DGD,2016-06-17T18:51:39.087,Ethereum,1e-08,True,ETH,ETH-DGD,
,Waves,https://bittrexblobstorage.blob.core.windows.net/public/50dddb89-d30b-4515-b91b-5842f9dbe1fd.png,WAVES,2016-06-19T15:46:31.167,Bitcoin,1e-08,True,BTC,BTC-WAVES,
False,Rise,https://bittrexblobstorage.blob.core.windows.net/public/3265e87c-bbfd-4c32-b517-e53d699c698b.png,RISE,2016-06-24T17:00:00.043,Bitcoin,1e-08,True,BTC,BTC-RISE,
,LBRY Credits,https://bittrexblobstorage.blob.core.windows.net/public/34cd79d9-22f3-4cfc-847c-64c0c8bcd115.png,LBC,2016-07-05T21:50:07.81,Bitcoin,1e-08,True,BTC,BTC-LBC,
,SteemDollars,https://i.imgur.com/kJDHkhv.png,SBD,2016-07-09T19:02:08.943,Bitcoin,1e-08,True,BTC,BTC-SBD,
,Breakout Stake,https://bittrexblobstorage.blob.core.windows.net/public/485da401-9286-4c80-a2a6-83c7189b3315.png,BRX,2016-07-10T21:25:05.127,Bitcoin,0.01,True,BTC,BTC-BRX,
,Ethereum Classic,https://bittrexblobstorage.blob.core.windows.net/public/efc96992-1993-4a91-84cf-c04fea919788.png,ETC,2016-07-26T18:10:22.82,Bitcoin,0.01,True,BTC,BTC-ETC,
,Ethereum Classic,https://bittrexblobstorage.blob.core.windows.net/public/efc96992-1993-4a91-84cf-c04fea919788.png,ETC,2016-07-28T21:45:59.05,Ethereum,1e-08,True,ETH,ETH-ETC,
,Stratis,https://bittrexblobstorage.blob.core.windows.net/public/74083684-8817-4e0e-9107-7fcc129f4e73.png,STRAT,2016-08-10T23:26:39.657,Bitcoin,1e-08,True,BTC,BTC-STRAT,
,UnbreakableCoin,https://i.imgur.com/LULMV74.png,UNB,2016-08-24T21:39:28.357,Bitcoin,1e-08,True,BTC,BTC-UNB,
,Syndicate,https://bittrexblobstorage.blob.core.windows.net/public/360d215f-593a-4477-9881-19aad0575759.png,SYNX,2016-08-25T21:23:15.27,Bitcoin,1e-08,True,BTC,BTC-SYNX,
,TRIG Token,https://bittrexblobstorage.blob.core.windows.net/public/790ce72b-4877-4ccf-b642-dd156b9f712f.png,TRIG,2016-09-08T05:59:08.183,Bitcoin,1e-08,True,BTC,BTC-TRIG,
,eBoost,,EBST,2016-09-15T15:47:38.92,Bitcoin,1e-08,True,BTC,BTC-EBST,
,Verium,https://bittrexblobstorage.blob.core.windows.net/public/859ca6d4-677b-4cae-82af-b533c5f327db.png,VRM,2016-09-16T04:52:17.637,Bitcoin,1e-08,True,BTC,BTC-VRM,
,Sequence,https://bittrexblobstorage.blob.core.windows.net/public/472a3136-87e6-4650-844a-391618b07a0d.png,SEQ,2016-09-23T07:10:11.78,Bitcoin,1e-08,True,BTC,BTC-SEQ,
,Xaurum,https://bittrexblobstorage.blob.core.windows.net/public/28b3ec4e-1234-4292-a600-26be2b402893.png,XAUR,2016-09-25T00:15:16.103,Bitcoin,1e-08,True,BTC,BTC-XAUR,
,SingularDTV,https://bittrexblobstorage.blob.core.windows.net/public/bc20c449-e831-4c3c-a1cb-559ab635b097.png,SNGLS,2016-10-02T22:16:04.773,Bitcoin,1e-08,True,BTC,BTC-SNGLS,
,Augur,https://bittrexblobstorage.blob.core.windows.net/public/cb9a7857-2c08-44e4-b6a9-c8248bb5a927.png,REP,2016-10-04T15:45:37.14,Bitcoin,1e-08,True,BTC,BTC-REP,
,Shift,https://bittrexblobstorage.blob.core.windows.net/public/bf2fd35f-ed49-44fd-a45c-5a5413ec51b3.png,SHIFT,2016-10-11T19:48:35.573,Bitcoin,1e-08,True,BTC,BTC-SHIFT,
,Ardor,https://bittrexblobstorage.blob.core.windows.net/public/8e029f78-40b1-4cdc-89af-55dd4d2d30dd.png,ARDR,2016-10-13T18:59:37.407,Bitcoin,1e-08,True,BTC,BTC-ARDR,
,ZCoin,https://bittrexblobstorage.blob.core.windows.net/public/3f69474d-8e7b-4164-9ad8-2fe8ef3fb5e0.png,XZC,2016-10-20T04:48:30.387,Bitcoin,1e-08,True,BTC,BTC-XZC,
,Neo,https://bittrexblobstorage.blob.core.windows.net/public/ed823972-8cfd-4f1f-a91d-f638ba20bf02.png,NEO,2016-10-26T01:28:31.96,Bitcoin,1e-08,True,BTC,BTC-NEO,
,Zcash,https://bittrexblobstorage.blob.core.windows.net/public/db51f5f5-3728-4e12-b32f-ea3f4825038b.png,ZEC,2016-10-28T17:13:10.833,Bitcoin,1e-08,True,BTC,BTC-ZEC,
,Zclassic,https://bittrexblobstorage.blob.core.windows.net/public/7cf275d8-b553-4244-8dbf-42c328f44e93.png,ZCL,2016-11-15T20:29:59.73,Bitcoin,1e-08,True,BTC,BTC-ZCL,
,Internet Of People,https://bittrexblobstorage.blob.core.windows.net/public/c8a454c7-b79b-4913-afa8-994561997be1.png,IOP,2016-12-22T00:54:23.477,Bitcoin,1e-08,True,BTC,BTC-IOP,
,Golos,https://bittrexblobstorage.blob.core.windows.net/public/f8023b03-7018-4f55-a00f-2a3c070eaec5.png,GOLOS,2017-01-19T23:23:12.41,Bitcoin,1e-08,True,BTC,BTC-GOLOS,
,Ubiq,https://bittrexblobstorage.blob.core.windows.net/public/ab54ae22-05bc-4f49-9aa1-2406628f46db.png,UBQ,2017-02-08T17:00:59.02,Bitcoin,1e-08,True,BTC,BTC-UBQ,
,Komodo,https://bittrexblobstorage.blob.core.windows.net/public/ec8df0e5-f320-44c5-abc4-116bacc31336.png,KMD,2017-02-11T23:04:01.853,Bitcoin,1e-08,True,BTC,BTC-KMD,
,GBG,,GBG,2017-02-12T00:38:21.023,Bitcoin,1e-08,True,BTC,BTC-GBG,
,Siberian Chervonets,https://bittrexblobstorage.blob.core.windows.net/public/3d9cf994-cb34-4c5d-a67c-5237474e07ff.png,SIB,2017-02-18T22:34:49.373,Bitcoin,1e-08,True,BTC,BTC-SIB,
,Ion,https://bittrexblobstorage.blob.core.windows.net/public/7330bf34-9edc-41f4-96d8-276d85ee8ebd.png,ION,2017-02-18T23:41:17.04,Bitcoin,1e-08,True,BTC,BTC-ION,
,Lomocoin,https://bittrexblobstorage.blob.core.windows.net/public/2094f9e1-2ec0-46e5-8c03-a43b153b7f78.png,LMC,2017-02-18T23:55:53.153,Bitcoin,1e-08,True,BTC,BTC-LMC,
,Qwark,https://bittrexblobstorage.blob.core.windows.net/public/5f132148-eb28-4a59-a5d9-b2eeda739f62.png,QWARK,2017-03-05T19:30:16.853,Bitcoin,1e-08,True,BTC,BTC-QWARK,
,Crown,https://bittrexblobstorage.blob.core.windows.net/public/e855c4a3-4974-4899-855e-9c98a16b760c.png,CRW,2017-03-06T21:10:15.663,Bitcoin,1e-08,True,BTC,BTC-CRW,
,Swarm City Token,https://bittrexblobstorage.blob.core.windows.net/public/d541ffab-b637-4d36-b3a1-a46bb2e8b7f9.png,SWT,2017-03-08T22:32:26.03,Bitcoin,1e-08,True,BTC,BTC-SWT,
,Chronobank Time,https://bittrexblobstorage.blob.core.windows.net/public/fdc3ae98-9d5b-450d-9ae5-052edd423df6.png,TIME,2017-03-09T00:44:08.673,Bitcoin,1e-08,True,BTC,BTC-TIME,
,Melon,https://bittrexblobstorage.blob.core.windows.net/public/a9a8d95a-41c1-4350-81a0-bc931feb2469.png,MLN,2017-03-15T19:30:56.167,Bitcoin,1e-08,True,BTC,BTC-MLN,
,Ark,https://bittrexblobstorage.blob.core.windows.net/public/5268be8b-0958-47e1-aa3d-03235265711c.png,ARK,2017-03-21T18:11:29.347,Bitcoin,1e-08,True,BTC,BTC-ARK,
,Dynamic,https://bittrexblobstorage.blob.core.windows.net/public/97ec8a98-71e1-4fd3-b00e-13e3a5d4a9ad.png,DYN,2017-03-23T00:10:19.403,Bitcoin,1e-08,True,BTC,BTC-DYN,
,Tokes,https://bittrexblobstorage.blob.core.windows.net/public/9cecc1fb-0e86-4e38-adee-88283a8449aa.png,TKS,2017-03-23T00:48:15.94,Bitcoin,1e-08,True,BTC,BTC-TKS,
,Musicoin,https://bittrexblobstorage.blob.core.windows.net/public/896b307f-449f-47e8-b8e4-9271a13b63e8.png,MUSIC,2017-03-27T19:59:13.073,Bitcoin,1e-08,True,BTC,BTC-MUSIC,
,Databits,https://bittrexblobstorage.blob.core.windows.net/public/d93d80fb-325f-41ee-8227-38a74fdd00e6.png,DTB,2017-04-01T04:06:13.887,Bitcoin,1e-08,True,BTC,BTC-DTB,
,Incent,https://bittrexblobstorage.blob.core.windows.net/public/239b1c5f-15cc-4d0a-ac1c-9416f89d8bf2.png,INCNT,2017-04-04T21:20:51.083,Bitcoin,1e-08,True,BTC,BTC-INCNT,
,Bytes,https://bittrexblobstorage.blob.core.windows.net/public/04c0b782-8627-49b0-b30a-6ef81be8393a.png,GBYTE,2017-04-13T20:46:39.83,Bitcoin,1e-08,True,BTC,BTC-GBYTE,
,Golem,,GNT,2017-04-17T21:35:59.26,Bitcoin,1e-08,True,BTC,BTC-GNT,
,Nexium,,NXC,2017-04-17T22:51:08.97,Bitcoin,1e-08,True,BTC,BTC-NXC,
,Edgeless,https://bittrexblobstorage.blob.core.windows.net/public/9a72a22f-c987-47df-a609-987bf6ff0039.png,EDG,2017-04-18T00:56:59.243,Bitcoin,1e-08,True,BTC,BTC-EDG,
,Legends,https://bittrexblobstorage.blob.core.windows.net/public/fd91d001-0b05-4d3f-a863-4d7845e7b3f3.png,LGD,2017-04-18T07:37:41.3,Bitcoin,1e-08,True,BTC,BTC-LGD,
,Trustcoin,https://bittrexblobstorage.blob.core.windows.net/public/4438712f-ac8b-4c75-8931-03a143af6834.png,TRST,2017-04-19T04:53:43.893,Bitcoin,1e-08,True,BTC,BTC-TRST,
,Golem,,GNT,2017-04-20T06:38:51.877,Ethereum,1e-08,True,ETH,ETH-GNT,
,Augur,https://bittrexblobstorage.blob.core.windows.net/public/cb9a7857-2c08-44e4-b6a9-c8248bb5a927.png,REP,2017-04-20T06:43:49.19,Ethereum,1e-08,True,ETH,ETH-REP,
,Ethereum,https://bittrexblobstorage.blob.core.windows.net/public/7e5638ef-8ca0-404d-b61e-9d41c2e20dd9.png,ETH,2017-04-20T17:26:37.647,Tether,1e-08,True,USDT,USDT-ETH,
,Wings DAO,https://bittrexblobstorage.blob.core.windows.net/public/87f3ff9d-9808-4567-b01f-ad27c2d83002.png,WINGS,2017-04-26T22:16:06.627,Ethereum,1e-08,True,ETH,ETH-WINGS,
,Wings DAO,https://bittrexblobstorage.blob.core.windows.net/public/87f3ff9d-9808-4567-b01f-ad27c2d83002.png,WINGS,2017-04-26T22:34:24.49,Bitcoin,1e-08,True,BTC,BTC-WINGS,
,iEx.ec,https://bittrexblobstorage.blob.core.windows.net/public/b0a02aa0-6586-4398-8369-0650d0492bb3.png,RLC,2017-04-27T00:20:33.857,Bitcoin,1e-08,True,BTC,BTC-RLC,
,Gnosis,https://bittrexblobstorage.blob.core.windows.net/public/d0578ca8-9121-4bd6-bd5d-6cf7c239bf7f.png,GNO,2017-04-28T02:43:12,Bitcoin,1e-08,True,BTC,BTC-GNO,
,Guppy,https://bittrexblobstorage.blob.core.windows.net/public/b084122e-0cda-4abc-82b2-313f6da7d36b.png,GUP,2017-04-29T18:08:12.39,Bitcoin,1e-08,True,BTC,BTC-GUP,
,Lunyr,https://bittrexblobstorage.blob.core.windows.net/public/559d7f54-6baf-43db-8b26-190f7b2e7746.png,LUN,2017-04-30T16:57:03.27,Bitcoin,1e-08,True,BTC,BTC-LUN,
,Guppy,https://bittrexblobstorage.blob.core.windows.net/public/b084122e-0cda-4abc-82b2-313f6da7d36b.png,GUP,2017-04-30T18:40:42.213,Ethereum,1e-08,True,ETH,ETH-GUP,
,iEx.ec,https://bittrexblobstorage.blob.core.windows.net/public/b0a02aa0-6586-4398-8369-0650d0492bb3.png,RLC,2017-04-30T18:41:22.823,Ethereum,1e-08,True,ETH,ETH-RLC,
,Lunyr,https://bittrexblobstorage.blob.core.windows.net/public/559d7f54-6baf-43db-8b26-190f7b2e7746.png,LUN,2017-04-30T18:41:22.84,Ethereum,1e-08,True,ETH,ETH-LUN,
,SingularDTV,https://bittrexblobstorage.blob.core.windows.net/public/bc20c449-e831-4c3c-a1cb-559ab635b097.png,SNGLS,2017-04-30T18:41:22.853,Ethereum,1e-08,True,ETH,ETH-SNGLS,
,Gnosis,https://bittrexblobstorage.blob.core.windows.net/public/d0578ca8-9121-4bd6-bd5d-6cf7c239bf7f.png,GNO,2017-04-30T18:42:52.17,Ethereum,1e-08,True,ETH,ETH-GNO,
,Apx,https://bittrexblobstorage.blob.core.windows.net/public/ccb2ee6f-cc15-4b9c-8da5-880a797b29ff.png,APX,2017-05-02T06:26:32.897,Bitcoin,1e-08,True,BTC,BTC-APX,
,TokenCard,,TKN,2017-05-08T17:09:34.91,Bitcoin,1e-08,True,BTC,BTC-TKN,
,TokenCard,,TKN,2017-05-09T04:43:46.723,Ethereum,1e-08,True,ETH,ETH-TKN,
,Humaniq,https://bittrexblobstorage.blob.core.windows.net/public/19d1aebe-d2e6-4a65-aa19-13c00214a4b1.png,HMQ,2017-05-10T00:02:47.373,Bitcoin,1e-08,True,BTC,BTC-HMQ,
,Humaniq,https://bittrexblobstorage.blob.core.windows.net/public/19d1aebe-d2e6-4a65-aa19-13c00214a4b1.png,HMQ,2017-05-10T07:27:27.597,Ethereum,1e-08,True,ETH,ETH-HMQ,
,Aragon,https://bittrexblobstorage.blob.core.windows.net/public/a092a872-2de3-4898-88c4-275aaf6caea2.png,ANT,2017-05-17T19:54:30.143,Bitcoin,1e-08,True,BTC,BTC-ANT,
,Trustcoin,https://bittrexblobstorage.blob.core.windows.net/public/4438712f-ac8b-4c75-8931-03a143af6834.png,TRST,2017-05-19T15:55:11.28,Ethereum,1e-08,True,ETH,ETH-TRST,
,Aragon,https://bittrexblobstorage.blob.core.windows.net/public/a092a872-2de3-4898-88c4-275aaf6caea2.png,ANT,2017-05-19T15:55:11.293,Ethereum,1e-08,True,ETH,ETH-ANT,
,Siacoin,https://bittrexblobstorage.blob.core.windows.net/public/f39f5155-9c9a-4b67-9a8a-71477962683f.png,SC,2017-05-22T21:30:29.16,Bitcoin,1e-08,True,BTC,BTC-SC,
,Basic Attention Token,https://bittrexblobstorage.blob.core.windows.net/public/d6477923-f199-4985-aef4-744d7267ee66.png,BAT,2017-06-03T22:04:52.38,Ethereum,1e-08,True,ETH,ETH-BAT,
,Basic Attention Token,https://bittrexblobstorage.blob.core.windows.net/public/d6477923-f199-4985-aef4-744d7267ee66.png,BAT,2017-06-03T22:04:53.82,Bitcoin,1e-08,True,BTC,BTC-BAT,
,Zencash,https://bittrexblobstorage.blob.core.windows.net/public/ca8f3f53-9bb1-4571-9354-ce3bfc4e6c25.png,ZEN,2017-06-05T16:39:49.07,Bitcoin,1e-08,True,BTC,BTC-ZEN,
,FirstBlood,https://bittrexblobstorage.blob.core.windows.net/public/5685a7be-1edf-4ba0-a313-b5309bb204f8.png,1ST,2017-06-06T01:22:35.727,Bitcoin,1e-08,True,BTC,BTC-1ST,
,Quantum Resistant Ledger,https://bittrexblobstorage.blob.core.windows.net/public/e9397d04-24ea-4576-b4d2-db27fe1bca14.png,QRL,2017-06-10T00:01:39.293,Bitcoin,1e-08,True,BTC,BTC-QRL,
,Firstblood,https://bittrexblobstorage.blob.core.windows.net/public/5685a7be-1edf-4ba0-a313-b5309bb204f8.png,1ST,2017-06-11T17:33:06.127,Ethereum,1e-08,True,ETH,ETH-1ST,
,Quantum Resistant Ledger,https://bittrexblobstorage.blob.core.windows.net/public/e9397d04-24ea-4576-b4d2-db27fe1bca14.png,QRL,2017-06-11T17:33:06.14,Ethereum,1e-08,True,ETH,ETH-QRL,
,CreditBit,https://bittrexblobstorage.blob.core.windows.net/public/254f5ca1-6648-4c8d-ac5d-2bae16e909bf.png,CRB,2017-06-13T19:40:35.203,Bitcoin,1e-08,True,BTC,BTC-CRB,
,CreditBit,https://bittrexblobstorage.blob.core.windows.net/public/254f5ca1-6648-4c8d-ac5d-2bae16e909bf.png,CRB,2017-06-13T19:40:35.217,Ethereum,1e-08,True,ETH,ETH-CRB,
,Legends,https://bittrexblobstorage.blob.core.windows.net/public/fd91d001-0b05-4d3f-a863-4d7845e7b3f3.png,LGD,2017-06-17T15:02:02.783,Ethereum,1e-08,True,ETH,ETH-LGD,
,Patientory,https://bittrexblobstorage.blob.core.windows.net/public/ed225f90-059d-4390-aec1-42e83156bbb2.png,PTOY,2017-06-18T17:04:24.1,Bitcoin,1e-08,True,BTC,BTC-PTOY,
,Patientory,https://bittrexblobstorage.blob.core.windows.net/public/ed225f90-059d-4390-aec1-42e83156bbb2.png,PTOY,2017-06-18T17:04:24.147,Ethereum,1e-08,True,ETH,ETH-PTOY,
,Mysterium,https://bittrexblobstorage.blob.core.windows.net/public/4b14fac0-d56d-4141-8da6-326d2ab886c6.png,MYST,2017-06-19T19:13:43.73,Bitcoin,1e-08,True,BTC,BTC-MYST,
,Mysterium,https://bittrexblobstorage.blob.core.windows.net/public/4b14fac0-d56d-4141-8da6-326d2ab886c6.png,MYST,2017-06-19T19:13:43.743,Ethereum,1e-08,True,ETH,ETH-MYST,
,Cofound.it,https://bittrexblobstorage.blob.core.windows.net/public/ddc4fc5b-1ca3-4ff0-ad55-ed50f1b175f1.png,CFI,2017-06-19T19:59:14.78,Bitcoin,1e-08,True,BTC,BTC-CFI,
,Cofound.it,https://bittrexblobstorage.blob.core.windows.net/public/ddc4fc5b-1ca3-4ff0-ad55-ed50f1b175f1.png,CFI,2017-06-19T19:59:14.89,Ethereum,1e-08,True,ETH,ETH-CFI,
,Bancor,https://bittrexblobstorage.blob.core.windows.net/public/a1aebad7-71ad-453c-9de7-25a59a3596d4.png,BNT,2017-06-22T21:36:30.85,Bitcoin,1e-08,True,BTC,BTC-BNT,
,Bancor,https://bittrexblobstorage.blob.core.windows.net/public/a1aebad7-71ad-453c-9de7-25a59a3596d4.png,BNT,2017-06-22T21:36:30.867,Ethereum,1e-08,True,ETH,ETH-BNT,
,Numeraire,https://bittrexblobstorage.blob.core.windows.net/public/b3e860db-65a8-455c-a954-23439b96d390.png,NMR,2017-06-22T21:58:57.657,Bitcoin,1e-08,True,BTC,BTC-NMR,
,Numeraire,https://bittrexblobstorage.blob.core.windows.net/public/b3e860db-65a8-455c-a954-23439b96d390.png,NMR,2017-06-22T21:58:57.657,Ethereum,1e-08,True,ETH,ETH-NMR,
,Time,https://bittrexblobstorage.blob.core.windows.net/public/fdc3ae98-9d5b-450d-9ae5-052edd423df6.png,TIME,2017-06-23T18:01:03.323,Ethereum,1e-08,True,ETH,ETH-TIME,
,Litecoin,https://bittrexblobstorage.blob.core.windows.net/public/6defbc41-582d-47a6-bb2e-d0fa88663524.png,LTC,2017-06-25T03:06:46.83,Ethereum,1e-08,True,ETH,ETH-LTC,
,Ripple,https://bittrexblobstorage.blob.core.windows.net/public/8101e36e-bfce-48a9-a7a6-368b6e9452dd.png,XRP,2017-06-25T03:07:09.677,Ethereum,1e-08,True,ETH,ETH-XRP,
,Status Network Token,https://bittrexblobstorage.blob.core.windows.net/public/52f9dfc9-05ea-49ba-8597-4179bf0c6345.png,SNT,2017-06-28T18:26:15.73,Bitcoin,1e-08,True,BTC,BTC-SNT,
,Status Network Token,https://bittrexblobstorage.blob.core.windows.net/public/52f9dfc9-05ea-49ba-8597-4179bf0c6345.png,SNT,2017-06-28T18:26:15.747,Ethereum,1e-08,True,ETH,ETH-SNT,
,DECENT,https://bittrexblobstorage.blob.core.windows.net/public/986a5ad2-5231-44d2-8fb8-32ad629e2709.png,DCT,2017-06-30T16:35:24.643,Bitcoin,1e-08,True,BTC,BTC-DCT,
,Elastic,https://bittrexblobstorage.blob.core.windows.net/public/13ffc393-5f0d-491f-9942-cd664c1f0459.png,XEL,2017-07-01T17:38:44.883,Bitcoin,1e-08,True,BTC,BTC-XEL,
,Monaco,https://bittrexblobstorage.blob.core.windows.net/public/582b0dc7-5c04-4a2a-b450-c8488799cbd6.png,MCO,2017-07-02T00:37:16.957,Bitcoin,1e-08,True,BTC,BTC-MCO,
,Monaco,https://bittrexblobstorage.blob.core.windows.net/public/582b0dc7-5c04-4a2a-b450-c8488799cbd6.png,MCO,2017-07-02T00:37:17.05,Ethereum,1e-08,True,ETH,ETH-MCO,
,adToken,https://bittrexblobstorage.blob.core.windows.net/public/7233857e-b6e0-4e91-a8f6-9e7e36152b1e.png,ADT,2017-07-03T21:08:06.11,Bitcoin,1e-08,True,BTC,BTC-ADT,
,adToken,https://bittrexblobstorage.blob.core.windows.net/public/7233857e-b6e0-4e91-a8f6-9e7e36152b1e.png,ADT,2017-07-03T21:08:06.22,Ethereum,1e-08,True,ETH,ETH-ADT,
,FunFair,https://bittrexblobstorage.blob.core.windows.net/public/15870ba6-ec5a-4261-8ee2-15e005536a71.png,FUN,2017-07-04T18:45:47.13,Bitcoin,1e-08,True,BTC,BTC-FUN,
,FunFair,https://bittrexblobstorage.blob.core.windows.net/public/15870ba6-ec5a-4261-8ee2-15e005536a71.png,FUN,2017-07-04T18:45:47.143,Ethereum,1e-08,True,ETH,ETH-FUN,
,TenX Pay Token,https://bittrexblobstorage.blob.core.windows.net/public/c39a72fc-848e-4302-80c8-836a35c6ef99.png,PAY,2017-07-07T07:14:00.793,Bitcoin,1e-08,True,BTC,BTC-PAY,
,TenX Pay Token,https://bittrexblobstorage.blob.core.windows.net/public/c39a72fc-848e-4302-80c8-836a35c6ef99.png,PAY,2017-07-07T07:14:00.873,Ethereum,1e-08,True,ETH,ETH-PAY,
,Metal,https://bittrexblobstorage.blob.core.windows.net/public/2a6c2ef0-7e54-489b-97f9-7e1c847500d5.png,MTL,2017-07-08T14:59:57.34,Bitcoin,1e-08,True,BTC,BTC-MTL,
,Metal,https://bittrexblobstorage.blob.core.windows.net/public/2a6c2ef0-7e54-489b-97f9-7e1c847500d5.png,MTL,2017-07-08T14:59:57.37,Ethereum,1e-08,True,ETH,ETH-MTL,
,Storj,https://bittrexblobstorage.blob.core.windows.net/public/605a8ce1-3ac8-44f3-b342-73cb842a120e.png,STORJ,2017-07-11T21:14:32.643,Bitcoin,1e-08,True,BTC,BTC-STORJ,
,Storj,https://bittrexblobstorage.blob.core.windows.net/public/605a8ce1-3ac8-44f3-b342-73cb842a120e.png,STORJ,2017-07-11T21:14:32.643,Ethereum,1e-08,True,ETH,ETH-STORJ,
,AdEx,https://bittrexblobstorage.blob.core.windows.net/public/75fe532b-ba7f-483a-a377-4c2b56517224.png,ADX,2017-07-11T22:42:17.78,Bitcoin,1e-08,True,BTC,BTC-ADX,
,AdEx,https://bittrexblobstorage.blob.core.windows.net/public/75fe532b-ba7f-483a-a377-4c2b56517224.png,ADX,2017-07-11T22:42:17.78,Ethereum,1e-08,True,ETH,ETH-ADX,
,Dash,https://bittrexblobstorage.blob.core.windows.net/public/49993d38-d344-4197-b449-c50c3cc13d47.png,DASH,2017-07-14T17:10:05.143,Ethereum,1e-08,True,ETH,ETH-DASH,
,Siacoin,https://bittrexblobstorage.blob.core.windows.net/public/f39f5155-9c9a-4b67-9a8a-71477962683f.png,SC,2017-07-14T17:10:07.74,Ethereum,1e-08,True,ETH,ETH-SC,
,ZCash,https://bittrexblobstorage.blob.core.windows.net/public/db51f5f5-3728-4e12-b32f-ea3f4825038b.png,ZEC,2017-07-14T17:10:07.8,Ethereum,1e-08,True,ETH,ETH-ZEC,
,ZCash,https://bittrexblobstorage.blob.core.windows.net/public/db51f5f5-3728-4e12-b32f-ea3f4825038b.png,ZEC,2017-07-14T17:10:10.673,Tether,1e-08,True,USDT,USDT-ZEC,
,Litecoin,https://bittrexblobstorage.blob.core.windows.net/public/6defbc41-582d-47a6-bb2e-d0fa88663524.png,LTC,2017-07-14T17:10:10.72,Tether,1e-08,True,USDT,USDT-LTC,
,Ethereum Classic,https://bittrexblobstorage.blob.core.windows.net/public/efc96992-1993-4a91-84cf-c04fea919788.png,ETC,2017-07-14T17:10:10.72,Tether,1e-08,True,USDT,USDT-ETC,
,Ripple,https://bittrexblobstorage.blob.core.windows.net/public/8101e36e-bfce-48a9-a7a6-368b6e9452dd.png,XRP,2017-07-14T17:10:10.737,Tether,1e-08,True,USDT,USDT-XRP,
,OmiseGO,https://bittrexblobstorage.blob.core.windows.net/public/67b5fabb-dc86-43ac-994c-86b84c331170.png,OMG,2017-07-16T17:07:42.313,Bitcoin,1e-08,True,BTC,BTC-OMG,
,OmiseGO,https://bittrexblobstorage.blob.core.windows.net/public/67b5fabb-dc86-43ac-994c-86b84c331170.png,OMG,2017-07-16T17:07:42.41,Ethereum,1e-08,True,ETH,ETH-OMG,
,Civic,https://bittrexblobstorage.blob.core.windows.net/public/66dbf09a-ecfe-4638-b060-d7beeb2ea62e.png,CVC,2017-07-16T23:04:18.867,Bitcoin,1e-08,True,BTC,BTC-CVC,
,Civic,https://bittrexblobstorage.blob.core.windows.net/public/66dbf09a-ecfe-4638-b060-d7beeb2ea62e.png,CVC,2017-07-16T23:04:18.99,Ethereum,1e-08,True,ETH,ETH-CVC,
,Particl,https://bittrexblobstorage.blob.core.windows.net/public/fd2ae528-15f2-430d-9917-d22027736fc3.png,PART,2017-07-20T18:19:07.157,Bitcoin,1e-08,True,BTC,BTC-PART,
False,Qtum,https://bittrexblobstorage.blob.core.windows.net/public/d2722d80-adb4-4a3d-adac-a75e7d2edd51.png,QTUM,2017-07-20T19:08:43.473,Bitcoin,1e-08,True,BTC,BTC-QTUM,
False,Qtum,https://bittrexblobstorage.blob.core.windows.net/public/d2722d80-adb4-4a3d-adac-a75e7d2edd51.png,QTUM,2017-07-20T19:08:43.473,Ethereum,1e-08,True,ETH,ETH-QTUM,
,Monero,https://bittrexblobstorage.blob.core.windows.net/public/efcda24e-c6c3-4029-982c-15af2915fb08.png,XMR,2017-07-21T01:08:49.367,Ethereum,1e-08,True,ETH,ETH-XMR,
,NewEconomyMovement,,XEM,2017-07-21T01:08:49.38,Ethereum,1e-08,True,ETH,ETH-XEM,
,Lumen,https://bittrexblobstorage.blob.core.windows.net/public/c41db2ef-2635-4438-a1c1-0a680c8857e1.png,XLM,2017-07-21T01:08:49.38,Ethereum,1e-08,True,ETH,ETH-XLM,
,Neo,https://bittrexblobstorage.blob.core.windows.net/public/ed823972-8cfd-4f1f-a91d-f638ba20bf02.png,NEO,2017-07-21T01:08:49.397,Ethereum,1e-08,True,ETH,ETH-NEO,
,Monero,https://bittrexblobstorage.blob.core.windows.net/public/efcda24e-c6c3-4029-982c-15af2915fb08.png,XMR,2017-07-21T01:08:49.397,Tether,1e-08,True,USDT,USDT-XMR,
,Dash,https://bittrexblobstorage.blob.core.windows.net/public/49993d38-d344-4197-b449-c50c3cc13d47.png,DASH,2017-07-21T01:08:49.413,Tether,1e-08,True,USDT,USDT-DASH,
,Bitcoin Cash,,BCC,2017-08-01T18:34:04.763,Ethereum,1e-08,True,ETH,ETH-BCC,
,Bitcoin Cash,,BCC,2017-08-01T18:34:04.873,Tether,1e-08,True,USDT,USDT-BCC,
,Bitcoin Cash,,BCC,2017-08-01T18:34:04.967,Bitcoin,1e-08,True,BTC,BTC-BCC,
,district0x,https://i.imgur.com/qCKl8Mx.png,DNT,2017-08-04T02:09:02.873,Bitcoin,1e-08,True,BTC,BTC-DNT,
,district0x,,DNT,2017-08-04T02:09:02.887,Ethereum,1e-08,True,ETH,ETH-DNT,
,Neo,https://bittrexblobstorage.blob.core.windows.net/public/ed823972-8cfd-4f1f-a91d-f638ba20bf02.png,NEO,2017-08-04T16:58:43.087,Tether,1e-08,True,USDT,USDT-NEO,
,Waves,https://bittrexblobstorage.blob.core.windows.net/public/50dddb89-d30b-4515-b91b-5842f9dbe1fd.png,WAVES,2017-08-04T18:00:50.15,Ethereum,1e-08,True,ETH,ETH-WAVES,
,Stratis,https://bittrexblobstorage.blob.core.windows.net/public/74083684-8817-4e0e-9107-7fcc129f4e73.png,STRAT,2017-08-04T18:01:27.713,Ethereum,1e-08,True,ETH,ETH-STRAT,
,Digibyte,https://bittrexblobstorage.blob.core.windows.net/public/f71e4e1a-9249-47a0-b4d0-53afa08ccbc3.png,DGB,2017-08-04T18:01:27.777,Ethereum,1e-08,True,ETH,ETH-DGB,
,Factom,https://bittrexblobstorage.blob.core.windows.net/public/2478893a-5e5d-469e-81bd-e351195858d9.png,FCT,2017-08-04T18:01:27.853,Ethereum,1e-08,True,ETH,ETH-FCT,
,Bitshares,https://bittrexblobstorage.blob.core.windows.net/public/b167ab3b-9e08-4fc4-ac1d-088bf16200c4.png,BTS,2017-08-04T18:01:27.853,Ethereum,1e-08,False,ETH,ETH-BTS,"This market will be deleted on October 13th, 2017."
,OmiseGo,,OMG,2017-09-15T23:49:44.83,Tether,1e-08,True,USDT,USDT-OMG,
,Ada,https://bittrexblobstorage.blob.core.windows.net/public/0f3f4789-b356-4091-a006-3761ed41c8bd.png,ADA,2017-09-29T07:01:58.873,Bitcoin,1e-08,True,BTC,BTC-ADA,
,Decentraland,https://bittrexblobstorage.blob.core.windows.net/public/76326b48-fe5a-45c3-8818-8d06d79c498f.png,MANA,2017-10-13T23:32:02.993,Bitcoin,1e-08,True,BTC,BTC-MANA,
,Decentraland,https://bittrexblobstorage.blob.core.windows.net/public/76326b48-fe5a-45c3-8818-8d06d79c498f.png,MANA,2017-10-13T23:32:03.027,Ethereum,1e-08,True,ETH,ETH-MANA,
,Salt,https://bittrexblobstorage.blob.core.windows.net/public/973ec311-98b4-483f-b0c1-7586c4d5601e.png,SALT,2017-10-16T17:32:48.777,Bitcoin,1e-08,True,BTC,BTC-SALT,
,Salt,https://bittrexblobstorage.blob.core.windows.net/public/973ec311-98b4-483f-b0c1-7586c4d5601e.png,SALT,2017-10-16T17:32:48.84,Ethereum,1e-08,True,ETH,ETH-SALT,
,Blocktix,https://bittrexblobstorage.blob.core.windows.net/public/6f96c101-30a6-4d22-88c2-fe0e2ae9ae1f.png,TIX,2017-10-25T21:01:08.287,Bitcoin,1e-08,True,BTC,BTC-TIX,
,Blocktix,https://bittrexblobstorage.blob.core.windows.net/public/6f96c101-30a6-4d22-88c2-fe0e2ae9ae1f.png,TIX,2017-10-25T21:01:08.287,Ethereum,1e-08,True,ETH,ETH-TIX,
